Date,Transaction Count
01-01-2016 00:00,2093576
02-01-2016 00:00,2397260
03-01-2016 00:00,2173039
04-01-2016 00:00,2051240
05-01-2016 00:00,1954117
06-01-2016 00:00,1923592
07-01-2016 00:00,1927622
08-01-2016 00:00,2074300
09-01-2016 00:00,2121106
10-01-2016 00:00,1802039
11-01-2016 00:00,1709355
12-01-2016 00:00,1638711
13-01-2016 00:00,1652227
14-01-2016 00:00,1784627
15-01-2016 00:00,1918398
16-01-2016 00:00,2007955
17-01-2016 00:00,1649394
18-01-2016 00:00,1530006
19-01-2016 00:00,1597315
20-01-2016 00:00,1493587
21-01-2016 00:00,1696018
22-01-2016 00:00,1784112
23-01-2016 00:00,1908191
24-01-2016 00:00,1447465
25-01-2016 00:00,1385758
26-01-2016 00:00,1594460
27-01-2016 00:00,2090539
28-01-2016 00:00,1967319
29-01-2016 00:00,2329188
30-01-2016 00:00,1868690
31-01-2016 00:00,1888183
01-02-2016 00:00,2075914
02-02-2016 00:00,2086660
03-02-2016 00:00,1798252
04-02-2016 00:00,1808490
05-02-2016 00:00,2063255
06-02-2016 00:00,2042569
07-02-2016 00:00,1666455
08-02-2016 00:00,1541438
09-02-2016 00:00,1681686
10-02-2016 00:00,1732544
11-02-2016 00:00,1817219
12-02-2016 00:00,2081664
13-02-2016 00:00,2208578
14-02-2016 00:00,1764560
15-02-2016 00:00,1441901
16-02-2016 00:00,1470952
17-02-2016 00:00,1667129
18-02-2016 00:00,1752372
19-02-2016 00:00,1652161
20-02-2016 00:00,1599688
21-02-2016 00:00,1373908
22-02-2016 00:00,1303502
23-02-2016 00:00,1496444
24-02-2016 00:00,1494816
25-02-2016 00:00,1396107
26-02-2016 00:00,1691293
27-02-2016 00:00,1700436
28-02-2016 00:00,1427942
29-02-2016 00:00,1583824
01-03-2016 00:00,1479290
02-03-2016 00:00,1397803
03-03-2016 00:00,1483549
04-03-2016 00:00,1645863
05-03-2016 00:00,1717242
06-03-2016 00:00,1541863
07-03-2016 00:00,1345921
08-03-2016 00:00,1513934
09-03-2016 00:00,1441463
10-03-2016 00:00,1424287
11-03-2016 00:00,1602529
12-03-2016 00:00,1623737
13-03-2016 00:00,1341864
14-03-2016 00:00,1333730
15-03-2016 00:00,1388455
16-03-2016 00:00,1550138
17-03-2016 00:00,1526717
18-03-2016 00:00,1689381
19-03-2016 00:00,1885958
20-03-2016 00:00,1527828
21-03-2016 00:00,1481274
22-03-2016 00:00,1846231
23-03-2016 00:00,1591409
24-03-2016 00:00,1700688
25-03-2016 00:00,2140235
26-03-2016 00:00,2529880
27-03-2016 00:00,1328107
28-03-2016 00:00,1246581
29-03-2016 00:00,1570505
30-03-2016 00:00,1410158
31-03-2016 00:00,1582026
01-04-2016 00:00,1752821
02-04-2016 00:00,1899301
03-04-2016 00:00,1319836
04-04-2016 00:00,1287339
05-04-2016 00:00,1300484
06-04-2016 00:00,1302536
07-04-2016 00:00,1337614
08-04-2016 00:00,1492684
09-04-2016 00:00,1666876
10-04-2016 00:00,1269268
11-04-2016 00:00,1294169
12-04-2016 00:00,1276353
13-04-2016 00:00,1365071
14-04-2016 00:00,1478586
15-04-2016 00:00,1842494
16-04-2016 00:00,1670737
17-04-2016 00:00,1409191
18-04-2016 00:00,1397798
19-04-2016 00:00,1360191
20-04-2016 00:00,1787397
21-04-2016 00:00,1589626
22-04-2016 00:00,1653731
23-04-2016 00:00,1605099
24-04-2016 00:00,1351226
25-04-2016 00:00,1397600
26-04-2016 00:00,1541887
27-04-2016 00:00,1624509
28-04-2016 00:00,1535193
29-04-2016 00:00,1787627
30-04-2016 00:00,2035916
01-05-2016 00:00,1609502
02-05-2016 00:00,1542382
03-05-2016 00:00,1619172
04-05-2016 00:00,1610284
05-05-2016 00:00,1714066
06-05-2016 00:00,2085826
07-05-2016 00:00,2562039
08-05-2016 00:00,2085032
09-05-2016 00:00,1326111
10-05-2016 00:00,1423710
11-05-2016 00:00,1439665
12-05-2016 00:00,1387617
13-05-2016 00:00,1665222
14-05-2016 00:00,1741464
15-05-2016 00:00,1362227
16-05-2016 00:00,1294324
17-05-2016 00:00,1403213
18-05-2016 00:00,1394817
19-05-2016 00:00,1525235
20-05-2016 00:00,1672764
21-05-2016 00:00,1702579
22-05-2016 00:00,1456238
23-05-2016 00:00,1369106
24-05-2016 00:00,1444969
25-05-2016 00:00,1593407
26-05-2016 00:00,1641504
27-05-2016 00:00,2103649
28-05-2016 00:00,1652568
29-05-2016 00:00,1345461
30-05-2016 00:00,1264411
31-05-2016 00:00,1560269
01-06-2016 00:00,2246688
02-06-2016 00:00,1570528
03-06-2016 00:00,1810228
04-06-2016 00:00,1746571
05-06-2016 00:00,1434695
06-06-2016 00:00,1392410
07-06-2016 00:00,1532501
08-06-2016 00:00,1512180
09-06-2016 00:00,2237859
10-06-2016 00:00,1698522
11-06-2016 00:00,1843159
12-06-2016 00:00,1355083
13-06-2016 00:00,1345872
14-06-2016 00:00,1862570
15-06-2016 00:00,1698482
16-06-2016 00:00,1910828
17-06-2016 00:00,2133614
18-06-2016 00:00,2545883
19-06-2016 00:00,2189728
20-06-2016 00:00,1373667
21-06-2016 00:00,1395981
22-06-2016 00:00,1466732
23-06-2016 00:00,1449440
24-06-2016 00:00,1660640
25-06-2016 00:00,1568796
26-06-2016 00:00,1298305
27-06-2016 00:00,1346798
28-06-2016 00:00,1426573
29-06-2016 00:00,1647320
30-06-2016 00:00,1629390
01-07-2016 00:00,1646369
02-07-2016 00:00,1443100
03-07-2016 00:00,1204853
04-07-2016 00:00,1061345
05-07-2016 00:00,1233988
06-07-2016 00:00,1287527
07-07-2016 00:00,1390824
08-07-2016 00:00,1522846
09-07-2016 00:00,1524478
10-07-2016 00:00,1281036
11-07-2016 00:00,1250963
12-07-2016 00:00,1516811
13-07-2016 00:00,1387888
14-07-2016 00:00,1346327
15-07-2016 00:00,1592460
16-07-2016 00:00,1494192
17-07-2016 00:00,1229133
18-07-2016 00:00,1296245
19-07-2016 00:00,1364281
20-07-2016 00:00,1520172
21-07-2016 00:00,1481198
22-07-2016 00:00,1720594
23-07-2016 00:00,1630022
24-07-2016 00:00,1394459
25-07-2016 00:00,1331170
26-07-2016 00:00,1369399
27-07-2016 00:00,1950432
28-07-2016 00:00,1416690
29-07-2016 00:00,1756226
30-07-2016 00:00,1616364
31-07-2016 00:00,1455015
01-08-2016 00:00,1439245
02-08-2016 00:00,1477628
03-08-2016 00:00,1518125
04-08-2016 00:00,1424051
05-08-2016 00:00,1713080
06-08-2016 00:00,1559225
07-08-2016 00:00,1353178
08-08-2016 00:00,1361192
09-08-2016 00:00,1463543
10-08-2016 00:00,1512116
11-08-2016 00:00,1695352
12-08-2016 00:00,1668196
13-08-2016 00:00,1640048
14-08-2016 00:00,1380614
15-08-2016 00:00,1367337
16-08-2016 00:00,1397397
17-08-2016 00:00,1687428
18-08-2016 00:00,1352016
19-08-2016 00:00,1586679
20-08-2016 00:00,1519851
21-08-2016 00:00,1290316
22-08-2016 00:00,1332447
23-08-2016 00:00,1355903
24-08-2016 00:00,1438491
25-08-2016 00:00,1794726
26-08-2016 00:00,1760818
27-08-2016 00:00,1652679
28-08-2016 00:00,1355050
29-08-2016 00:00,1450263
30-08-2016 00:00,1507889
31-08-2016 00:00,1553828
01-09-2016 00:00,1526269
02-09-2016 00:00,1617901
03-09-2016 00:00,1607859
04-09-2016 00:00,1362162
05-09-2016 00:00,1222718
06-09-2016 00:00,1335856
07-09-2016 00:00,1458853
08-09-2016 00:00,1465661
09-09-2016 00:00,1564222
10-09-2016 00:00,1694964
11-09-2016 00:00,1258860
12-09-2016 00:00,1242693
13-09-2016 00:00,1312428
14-09-2016 00:00,1392652
15-09-2016 00:00,1477626
16-09-2016 00:00,1584186
17-09-2016 00:00,1542276
18-09-2016 00:00,1330794
19-09-2016 00:00,1319885
20-09-2016 00:00,1493538
21-09-2016 00:00,1516258
22-09-2016 00:00,1362380
23-09-2016 00:00,1657562
24-09-2016 00:00,1610955
25-09-2016 00:00,1341259
26-09-2016 00:00,1214406
27-09-2016 00:00,1322529
28-09-2016 00:00,1419307
29-09-2016 00:00,1676190
30-09-2016 00:00,1865440
01-10-2016 00:00,1638367
02-10-2016 00:00,1271226
03-10-2016 00:00,1280761
04-10-2016 00:00,1242075
05-10-2016 00:00,1280331
06-10-2016 00:00,1384854
07-10-2016 00:00,1469471
08-10-2016 00:00,1479429
09-10-2016 00:00,1285386
10-10-2016 00:00,1204635
11-10-2016 00:00,1258031
12-10-2016 00:00,1448566
13-10-2016 00:00,1478440
14-10-2016 00:00,1760523
15-10-2016 00:00,1637830
16-10-2016 00:00,1295185
17-10-2016 00:00,1315435
18-10-2016 00:00,1304420
19-10-2016 00:00,1329205
20-10-2016 00:00,1495061
21-10-2016 00:00,1754892
22-10-2016 00:00,1645212
23-10-2016 00:00,1377580
24-10-2016 00:00,1295873
25-10-2016 00:00,1398937
26-10-2016 00:00,1451868
27-10-2016 00:00,1387983
28-10-2016 00:00,1581842
29-10-2016 00:00,1554436
30-10-2016 00:00,1340643
31-10-2016 00:00,1474876
01-11-2016 00:00,1521787
02-11-2016 00:00,1361520
03-11-2016 00:00,1468120
04-11-2016 00:00,1665392
05-11-2016 00:00,1558896
06-11-2016 00:00,1445474
07-11-2016 00:00,1289880
08-11-2016 00:00,1385375
09-11-2016 00:00,1454412
10-11-2016 00:00,1603282
11-11-2016 00:00,1746878
12-11-2016 00:00,1781566
13-11-2016 00:00,1542977
14-11-2016 00:00,1468821
15-11-2016 00:00,1512788
16-11-2016 00:00,1702897
17-11-2016 00:00,1673007
18-11-2016 00:00,1871987
19-11-2016 00:00,1920649
20-11-2016 00:00,1604364
21-11-2016 00:00,1800266
22-11-2016 00:00,1966289
23-11-2016 00:00,2429359
24-11-2016 00:00,1528699
25-11-2016 00:00,2412536
26-11-2016 00:00,2141279
27-11-2016 00:00,1907013
28-11-2016 00:00,2059107
29-11-2016 00:00,2067494
30-11-2016 00:00,2282000
01-12-2016 00:00,2330767
02-12-2016 00:00,2571056
03-12-2016 00:00,2766622
04-12-2016 00:00,2391303
05-12-2016 00:00,2552559
06-12-2016 00:00,2672209
07-12-2016 00:00,2912001
08-12-2016 00:00,2998716
09-12-2016 00:00,3669570
10-12-2016 00:00,4380284
11-12-2016 00:00,3127329
12-12-2016 00:00,3390802
13-12-2016 00:00,3725434
14-12-2016 00:00,4597319
15-12-2016 00:00,4554696
16-12-2016 00:00,5277314
17-12-2016 00:00,5389438
18-12-2016 00:00,4904273
19-12-2016 00:00,5872888
20-12-2016 00:00,6380584
21-12-2016 00:00,6996039
22-12-2016 00:00,8295627
23-12-2016 00:00,11257897
24-12-2016 00:00,9818129
25-12-2016 00:00,2045569
26-12-2016 00:00,3176649
27-12-2016 00:00,3267285
28-12-2016 00:00,3156262
29-12-2016 00:00,3010110
30-12-2016 00:00,3261470
31-12-2016 00:00,3050193
01-01-2017 00:00,2002787
02-01-2017 00:00,2308711
03-01-2017 00:00,2274992
04-01-2017 00:00,2018019
05-01-2017 00:00,2057712
06-01-2017 00:00,2114769
07-01-2017 00:00,2070229
08-01-2017 00:00,1780947
09-01-2017 00:00,1664268
10-01-2017 00:00,1743149
11-01-2017 00:00,1808687
12-01-2017 00:00,1957351
13-01-2017 00:00,2080456
14-01-2017 00:00,2009118
15-01-2017 00:00,1641312
16-01-2017 00:00,1672306
17-01-2017 00:00,1604584
18-01-2017 00:00,1705323
19-01-2017 00:00,1724448
20-01-2017 00:00,1855218
21-01-2017 00:00,2021698
22-01-2017 00:00,2228767
23-01-2017 00:00,1408754
24-01-2017 00:00,1768059
25-01-2017 00:00,1671512
26-01-2017 00:00,1687973
27-01-2017 00:00,2305131
28-01-2017 00:00,2387119
29-01-2017 00:00,1701264
30-01-2017 00:00,1723394
31-01-2017 00:00,1742152
01-02-2017 00:00,1742426
02-02-2017 00:00,1791946
03-02-2017 00:00,2041936
04-02-2017 00:00,2031259
05-02-2017 00:00,1524177
06-02-2017 00:00,1425011
07-02-2017 00:00,1491208
08-02-2017 00:00,1658092
09-02-2017 00:00,1743872
10-02-2017 00:00,1889596
11-02-2017 00:00,1984017
12-02-2017 00:00,1650457
13-02-2017 00:00,2026339
14-02-2017 00:00,2220226
15-02-2017 00:00,1594549
16-02-2017 00:00,1600193
17-02-2017 00:00,1758162
18-02-2017 00:00,1708618
19-02-2017 00:00,1461351
20-02-2017 00:00,1438065
21-02-2017 00:00,1505961
22-02-2017 00:00,1619468
23-02-2017 00:00,1719976
24-02-2017 00:00,1898103
25-02-2017 00:00,1826230
26-02-2017 00:00,1572527
27-02-2017 00:00,1490879
28-02-2017 00:00,1674999
01-03-2017 00:00,1602804
02-03-2017 00:00,1601786
03-03-2017 00:00,1809479
04-03-2017 00:00,1816641
05-03-2017 00:00,1526739
06-03-2017 00:00,1493739
07-03-2017 00:00,1525707
08-03-2017 00:00,1575561
09-03-2017 00:00,1597547
10-03-2017 00:00,1736775
11-03-2017 00:00,1746730
12-03-2017 00:00,1424766
13-03-2017 00:00,1448590
14-03-2017 00:00,1468068
15-03-2017 00:00,1525569
16-03-2017 00:00,1675707
17-03-2017 00:00,1860093
18-03-2017 00:00,1905297
19-03-2017 00:00,1653951
20-03-2017 00:00,1538136
21-03-2017 00:00,2088114
22-03-2017 00:00,1636094
23-03-2017 00:00,1714770
24-03-2017 00:00,1590778
25-03-2017 00:00,1628568
26-03-2017 00:00,1216615
27-03-2017 00:00,1334073
28-03-2017 00:00,1385728
29-03-2017 00:00,1411686
30-03-2017 00:00,2815591
31-03-2017 00:00,1980385
01-04-2017 00:00,1921986
02-04-2017 00:00,1441786
03-04-2017 00:00,1471163
04-04-2017 00:00,1550333
05-04-2017 00:00,1524122
06-04-2017 00:00,1508472
07-04-2017 00:00,1853093
08-04-2017 00:00,1788749
09-04-2017 00:00,1527098
10-04-2017 00:00,1601050
11-04-2017 00:00,1768053
12-04-2017 00:00,1830557
13-04-2017 00:00,1977431
14-04-2017 00:00,2324026
15-04-2017 00:00,2764087
16-04-2017 00:00,1377024
17-04-2017 00:00,1476080
18-04-2017 00:00,1554863
19-04-2017 00:00,1568617
20-04-2017 00:00,1512611
21-04-2017 00:00,1674494
22-04-2017 00:00,1666593
23-04-2017 00:00,1405002
24-04-2017 00:00,1446019
25-04-2017 00:00,1510670
26-04-2017 00:00,1689118
27-04-2017 00:00,1577931
28-04-2017 00:00,1876603
29-04-2017 00:00,1877399
30-04-2017 00:00,1740825
01-05-2017 00:00,1722103
02-05-2017 00:00,1679332
03-05-2017 00:00,1628938
04-05-2017 00:00,1751246
05-05-2017 00:00,1808555
06-05-2017 00:00,1812799
07-05-2017 00:00,1503428
08-05-2017 00:00,1621826
09-05-2017 00:00,1683205
10-05-2017 00:00,1814755
11-05-2017 00:00,1766822
12-05-2017 00:00,2221012
13-05-2017 00:00,2767463
14-05-2017 00:00,2158503
15-05-2017 00:00,1522757
16-05-2017 00:00,1590406
17-05-2017 00:00,1567140
18-05-2017 00:00,1639236
19-05-2017 00:00,1833110
20-05-2017 00:00,1822514
21-05-2017 00:00,1525304
22-05-2017 00:00,1533654
23-05-2017 00:00,1590099
24-05-2017 00:00,1632037
25-05-2017 00:00,1699570
26-05-2017 00:00,1991849
27-05-2017 00:00,1822191
28-05-2017 00:00,1487168
29-05-2017 00:00,1373224
30-05-2017 00:00,1670256
31-05-2017 00:00,1947104
01-06-2017 00:00,1804447
02-06-2017 00:00,1875480
03-06-2017 00:00,1792616
04-06-2017 00:00,1455776
05-06-2017 00:00,1564751
06-06-2017 00:00,1585419
07-06-2017 00:00,1627447
08-06-2017 00:00,1782617
09-06-2017 00:00,1897669
10-06-2017 00:00,1799369
11-06-2017 00:00,1400142
12-06-2017 00:00,1664072
13-06-2017 00:00,1668433
14-06-2017 00:00,1647234
15-06-2017 00:00,2504202
16-06-2017 00:00,2282503
17-06-2017 00:00,2601096
18-06-2017 00:00,2200782
19-06-2017 00:00,1708708
20-06-2017 00:00,1686319
21-06-2017 00:00,1751215
22-06-2017 00:00,1780734
23-06-2017 00:00,1927060
24-06-2017 00:00,1805023
25-06-2017 00:00,1555851
26-06-2017 00:00,1664852
27-06-2017 00:00,1617899
28-06-2017 00:00,1769231
29-06-2017 00:00,1839294
30-06-2017 00:00,2192059
01-07-2017 00:00,1634207
02-07-2017 00:00,1717437
03-07-2017 00:00,1634355
04-07-2017 00:00,1295859
05-07-2017 00:00,1581677
06-07-2017 00:00,1613513
07-07-2017 00:00,1842891
08-07-2017 00:00,1729060
09-07-2017 00:00,1388589
10-07-2017 00:00,1655111
11-07-2017 00:00,1695832
12-07-2017 00:00,1673883
13-07-2017 00:00,1636448
14-07-2017 00:00,2110981
15-07-2017 00:00,1898052
16-07-2017 00:00,1529343
17-07-2017 00:00,1677393
18-07-2017 00:00,1647352
19-07-2017 00:00,1700213
20-07-2017 00:00,1792765
21-07-2017 00:00,1836886
22-07-2017 00:00,1848066
23-07-2017 00:00,1557686
24-07-2017 00:00,1614018
25-07-2017 00:00,1797161
26-07-2017 00:00,1864048
27-07-2017 00:00,1767888
28-07-2017 00:00,1939838
29-07-2017 00:00,1909815
30-07-2017 00:00,1608845
31-07-2017 00:00,1837609
01-08-2017 00:00,1825430
02-08-2017 00:00,1772239
03-08-2017 00:00,1853306
04-08-2017 00:00,2071471
05-08-2017 00:00,1940574
06-08-2017 00:00,1615426
07-08-2017 00:00,1754628
08-08-2017 00:00,1699004
09-08-2017 00:00,1758079
10-08-2017 00:00,1942911
11-08-2017 00:00,2101398
12-08-2017 00:00,1989030
13-08-2017 00:00,1780209
14-08-2017 00:00,1696525
15-08-2017 00:00,1851768
16-08-2017 00:00,1839487
17-08-2017 00:00,1829777
18-08-2017 00:00,1957231
19-08-2017 00:00,1854131
20-08-2017 00:00,1568931
21-08-2017 00:00,1619567
22-08-2017 00:00,1599563
23-08-2017 00:00,1940716
24-08-2017 00:00,1849238
25-08-2017 00:00,2056049
26-08-2017 00:00,1948647
27-08-2017 00:00,1694814
28-08-2017 00:00,1603649
29-08-2017 00:00,1606345
30-08-2017 00:00,1762836
31-08-2017 00:00,1893422
01-09-2017 00:00,2229399
02-09-2017 00:00,2141006
03-09-2017 00:00,1779900
04-09-2017 00:00,1504298
05-09-2017 00:00,1806114
06-09-2017 00:00,1690604
07-09-2017 00:00,1679227
08-09-2017 00:00,2059410
09-09-2017 00:00,1824455
10-09-2017 00:00,1428964
11-09-2017 00:00,1522910
12-09-2017 00:00,1574645
13-09-2017 00:00,1798405
14-09-2017 00:00,1959901
15-09-2017 00:00,1954621
16-09-2017 00:00,1979443
17-09-2017 00:00,1636454
18-09-2017 00:00,1752275
19-09-2017 00:00,1618578
20-09-2017 00:00,1767174
21-09-2017 00:00,1949287
22-09-2017 00:00,2102136
23-09-2017 00:00,2054037
24-09-2017 00:00,1787441
25-09-2017 00:00,1692608
26-09-2017 00:00,1697756
27-09-2017 00:00,1981430
28-09-2017 00:00,2013012
29-09-2017 00:00,2136228
30-09-2017 00:00,2287976
01-10-2017 00:00,1718088
02-10-2017 00:00,1680341
03-10-2017 00:00,1755134
04-10-2017 00:00,1826578
05-10-2017 00:00,1892557
06-10-2017 00:00,2058316
07-10-2017 00:00,1992808
08-10-2017 00:00,1745658
09-10-2017 00:00,1626497
10-10-2017 00:00,1657810
11-10-2017 00:00,1815908
12-10-2017 00:00,1771832
13-10-2017 00:00,2084727
14-10-2017 00:00,1970992
15-10-2017 00:00,1714467
16-10-2017 00:00,1783753
17-10-2017 00:00,1736325
18-10-2017 00:00,1754005
19-10-2017 00:00,1845266
20-10-2017 00:00,2134384
21-10-2017 00:00,2078227
22-10-2017 00:00,1717857
23-10-2017 00:00,1738320
24-10-2017 00:00,1806712
25-10-2017 00:00,1816425
26-10-2017 00:00,1892397
27-10-2017 00:00,2256420
28-10-2017 00:00,2106344
29-10-2017 00:00,1788883
30-10-2017 00:00,1822517
31-10-2017 00:00,2012353
01-11-2017 00:00,2045848
02-11-2017 00:00,2161715
03-11-2017 00:00,2209411
04-11-2017 00:00,2051273
05-11-2017 00:00,1815145
06-11-2017 00:00,1987002
07-11-2017 00:00,1837435
08-11-2017 00:00,1877066
09-11-2017 00:00,1964680
10-11-2017 00:00,2295768
11-11-2017 00:00,2112173
12-11-2017 00:00,1691722
13-11-2017 00:00,1887678
14-11-2017 00:00,1901697
15-11-2017 00:00,2003623
16-11-2017 00:00,2396021
17-11-2017 00:00,2386231
18-11-2017 00:00,2298580
19-11-2017 00:00,1991163
20-11-2017 00:00,2384256
21-11-2017 00:00,2541209
22-11-2017 00:00,2788796
23-11-2017 00:00,2004183
24-11-2017 00:00,3463104
25-11-2017 00:00,2786075
26-11-2017 00:00,2333476
27-11-2017 00:00,2806269
28-11-2017 00:00,2712915
29-11-2017 00:00,2792641
30-11-2017 00:00,2968003
01-12-2017 00:00,3360352
02-12-2017 00:00,3331445
03-12-2017 00:00,2899443
04-12-2017 00:00,3281148
05-12-2017 00:00,3252502
06-12-2017 00:00,3678143
07-12-2017 00:00,3633704
08-12-2017 00:00,4190314
09-12-2017 00:00,4469009
10-12-2017 00:00,4001497
11-12-2017 00:00,4667355
12-12-2017 00:00,4863052
13-12-2017 00:00,4805817
14-12-2017 00:00,5177119
15-12-2017 00:00,6151888
16-12-2017 00:00,7211472
17-12-2017 00:00,6400944
18-12-2017 00:00,7201337
19-12-2017 00:00,7815832
20-12-2017 00:00,8888688
21-12-2017 00:00,9608849
22-12-2017 00:00,11952920
23-12-2017 00:00,13714689
24-12-2017 00:00,10148352
25-12-2017 00:00,2519000
26-12-2017 00:00,4057972
27-12-2017 00:00,4138430
28-12-2017 00:00,3794196
29-12-2017 00:00,3814061
30-12-2017 00:00,3475384
31-12-2017 00:00,3087252
01-01-2018 00:00,2252363
02-01-2018 00:00,2709657
03-01-2018 00:00,2878763
04-01-2018 00:00,2559530
05-01-2018 00:00,2829715
06-01-2018 00:00,2791264
07-01-2018 00:00,2403410
08-01-2018 00:00,2249247
09-01-2018 00:00,2137858
10-01-2018 00:00,2179655
11-01-2018 00:00,2207098
12-01-2018 00:00,2460961
13-01-2018 00:00,2265757
14-01-2018 00:00,2028130
15-01-2018 00:00,2177512
16-01-2018 00:00,2020627
17-01-2018 00:00,1959072
18-01-2018 00:00,2079056
19-01-2018 00:00,2291384
20-01-2018 00:00,2430916
21-01-2018 00:00,1945223
22-01-2018 00:00,1959659
23-01-2018 00:00,1920751
24-01-2018 00:00,2108792
25-01-2018 00:00,2077342
26-01-2018 00:00,2464139
27-01-2018 00:00,2420939
28-01-2018 00:00,2154343
29-01-2018 00:00,1836420
30-01-2018 00:00,2117978
31-01-2018 00:00,2265698
01-02-2018 00:00,2254669
02-02-2018 00:00,2544658
03-02-2018 00:00,2497589
04-02-2018 00:00,1973183
05-02-2018 00:00,1892966
06-02-2018 00:00,2234943
07-02-2018 00:00,2216829
08-02-2018 00:00,2285872
09-02-2018 00:00,2727917
10-02-2018 00:00,2889866
11-02-2018 00:00,2240297
12-02-2018 00:00,2241416
13-02-2018 00:00,3025699
14-02-2018 00:00,2913106
15-02-2018 00:00,2099812
16-02-2018 00:00,2238243
17-02-2018 00:00,2205081
18-02-2018 00:00,1856533
19-02-2018 00:00,1859689
20-02-2018 00:00,1924167
21-02-2018 00:00,1951068
22-02-2018 00:00,2193912
23-02-2018 00:00,2347918
24-02-2018 00:00,2248508
25-02-2018 00:00,2029186
26-02-2018 00:00,1922273
27-02-2018 00:00,2261902
28-02-2018 00:00,2484814
01-03-2018 00:00,3211828
02-03-2018 00:00,2407103
03-03-2018 00:00,2761985
04-03-2018 00:00,2155461
05-03-2018 00:00,1890713
06-03-2018 00:00,2096567
07-03-2018 00:00,2000341
08-03-2018 00:00,2089417
09-03-2018 00:00,2394438
10-03-2018 00:00,2837956
11-03-2018 00:00,1866955
12-03-2018 00:00,1869230
13-03-2018 00:00,1909554
14-03-2018 00:00,1941269
15-03-2018 00:00,2091803
16-03-2018 00:00,2773852
17-03-2018 00:00,2336267
18-03-2018 00:00,1981636
19-03-2018 00:00,1931311
20-03-2018 00:00,1913510
21-03-2018 00:00,1911176
22-03-2018 00:00,2259856
23-03-2018 00:00,2430910
24-03-2018 00:00,2391009
25-03-2018 00:00,2065385
26-03-2018 00:00,2112521
27-03-2018 00:00,2278689
28-03-2018 00:00,2433157
29-03-2018 00:00,2978504
30-03-2018 00:00,3042291
31-03-2018 00:00,3826983
01-04-2018 00:00,1763210
02-04-2018 00:00,2020354
03-04-2018 00:00,2001256
04-04-2018 00:00,2052554
05-04-2018 00:00,2024358
06-04-2018 00:00,2301001
07-04-2018 00:00,2154013
08-04-2018 00:00,1820249
09-04-2018 00:00,1835793
10-04-2018 00:00,1940598
11-04-2018 00:00,2057859
12-04-2018 00:00,1996503
13-04-2018 00:00,2203406
14-04-2018 00:00,2116310
15-04-2018 00:00,1782072
16-04-2018 00:00,1806937
17-04-2018 00:00,1852725
18-04-2018 00:00,1971777
19-04-2018 00:00,2247528
20-04-2018 00:00,2324455
21-04-2018 00:00,2338699
22-04-2018 00:00,1966158
23-04-2018 00:00,1889413
24-04-2018 00:00,2032358
25-04-2018 00:00,2095878
26-04-2018 00:00,2129268
27-04-2018 00:00,2323007
28-04-2018 00:00,2346103
29-04-2018 00:00,2031331
30-04-2018 00:00,2210877
01-05-2018 00:00,2499836
02-05-2018 00:00,2311642
03-05-2018 00:00,2228269
04-05-2018 00:00,2491629
05-05-2018 00:00,2461533
06-05-2018 00:00,2180928
07-05-2018 00:00,2237715
08-05-2018 00:00,2389290
09-05-2018 00:00,2766590
10-05-2018 00:00,2548424
11-05-2018 00:00,3005452
12-05-2018 00:00,3524873
13-05-2018 00:00,2701437
14-05-2018 00:00,1907993
15-05-2018 00:00,2050061
16-05-2018 00:00,2062328
17-05-2018 00:00,2369911
18-05-2018 00:00,2355684
19-05-2018 00:00,2351689
20-05-2018 00:00,1950792
21-05-2018 00:00,1990040
22-05-2018 00:00,2052803
23-05-2018 00:00,2466864
24-05-2018 00:00,2382903
25-05-2018 00:00,2503402
26-05-2018 00:00,2324182
27-05-2018 00:00,1918102
28-05-2018 00:00,1866277
29-05-2018 00:00,2018298
30-05-2018 00:00,2096651
31-05-2018 00:00,2258417
01-06-2018 00:00,2936939
02-06-2018 00:00,2401745
03-06-2018 00:00,1959644
04-06-2018 00:00,2033093
05-06-2018 00:00,2150056
06-06-2018 00:00,2402392
07-06-2018 00:00,2345600
08-06-2018 00:00,2466137
09-06-2018 00:00,2486326
10-06-2018 00:00,2053075
11-06-2018 00:00,2201245
12-06-2018 00:00,2314123
13-06-2018 00:00,2483845
14-06-2018 00:00,2966250
15-06-2018 00:00,3025670
16-06-2018 00:00,3567171
17-06-2018 00:00,2830130
18-06-2018 00:00,2096730
19-06-2018 00:00,2139798
20-06-2018 00:00,2232709
21-06-2018 00:00,2358654
22-06-2018 00:00,2406555
23-06-2018 00:00,2340207
24-06-2018 00:00,1908313
25-06-2018 00:00,1969291
26-06-2018 00:00,2062073
27-06-2018 00:00,2246617
28-06-2018 00:00,2209707
29-06-2018 00:00,2593536
30-06-2018 00:00,2345643
01-07-2018 00:00,1816812
02-07-2018 00:00,1870796
03-07-2018 00:00,2100490
04-07-2018 00:00,1752217
05-07-2018 00:00,1986862
06-07-2018 00:00,2336979
07-07-2018 00:00,2147502
08-07-2018 00:00,1787333
09-07-2018 00:00,1888234
10-07-2018 00:00,1964257
11-07-2018 00:00,2145996
12-07-2018 00:00,2188969
13-07-2018 00:00,2442074
14-07-2018 00:00,2171837
15-07-2018 00:00,1707227
16-07-2018 00:00,2018411
17-07-2018 00:00,2128080
18-07-2018 00:00,2010684
19-07-2018 00:00,2197057
20-07-2018 00:00,2329795
21-07-2018 00:00,2230809
22-07-2018 00:00,2038390
23-07-2018 00:00,1881807
24-07-2018 00:00,1878605
25-07-2018 00:00,2026714
26-07-2018 00:00,2099344
27-07-2018 00:00,2184490
28-07-2018 00:00,2165404
29-07-2018 00:00,1830806
30-07-2018 00:00,1974069
31-07-2018 00:00,2164705
01-08-2018 00:00,2098226
02-08-2018 00:00,2060031
03-08-2018 00:00,2379211
04-08-2018 00:00,2240709
05-08-2018 00:00,1906493
06-08-2018 00:00,1942109
07-08-2018 00:00,2028620
08-08-2018 00:00,2078565
09-08-2018 00:00,2127226
10-08-2018 00:00,2409232
11-08-2018 00:00,2230679
12-08-2018 00:00,1865829
13-08-2018 00:00,2064132
14-08-2018 00:00,2249267
15-08-2018 00:00,2031333
16-08-2018 00:00,2296338
17-08-2018 00:00,2343071
18-08-2018 00:00,2246587
19-08-2018 00:00,1916745
20-08-2018 00:00,1898217
21-08-2018 00:00,1821441
22-08-2018 00:00,1970972
23-08-2018 00:00,2297528
24-08-2018 00:00,2305170
25-08-2018 00:00,2229171
26-08-2018 00:00,1877403
27-08-2018 00:00,1913331
28-08-2018 00:00,2148681
29-08-2018 00:00,2013384
30-08-2018 00:00,2092186
31-08-2018 00:00,2698763
01-09-2018 00:00,2416339
02-09-2018 00:00,1896259
03-09-2018 00:00,1921650
04-09-2018 00:00,1828854
05-09-2018 00:00,1908888
06-09-2018 00:00,2019373
07-09-2018 00:00,2148336
08-09-2018 00:00,2208392
09-09-2018 00:00,1761826
10-09-2018 00:00,1887941
11-09-2018 00:00,1939339
12-09-2018 00:00,1921816
13-09-2018 00:00,2018605
14-09-2018 00:00,2326344
15-09-2018 00:00,2294180
16-09-2018 00:00,1773888
17-09-2018 00:00,1894824
18-09-2018 00:00,1934280
19-09-2018 00:00,1962840
20-09-2018 00:00,2169128
21-09-2018 00:00,2355478
22-09-2018 00:00,2363658
23-09-2018 00:00,1920258
24-09-2018 00:00,1933827
25-09-2018 00:00,2010322
26-09-2018 00:00,2074818
27-09-2018 00:00,2501948
28-09-2018 00:00,2560962
29-09-2018 00:00,2651586
30-09-2018 00:00,2055683
01-10-2018 00:00,2101219
02-10-2018 00:00,1983480
03-10-2018 00:00,2072670
04-10-2018 00:00,2155492
05-10-2018 00:00,2490394
06-10-2018 00:00,2427765
07-10-2018 00:00,1961472
08-10-2018 00:00,1948761
09-10-2018 00:00,1947968
10-10-2018 00:00,2269944
11-10-2018 00:00,2190886
12-10-2018 00:00,2415690
13-10-2018 00:00,2426897
14-10-2018 00:00,1912097
15-10-2018 00:00,2066120
16-10-2018 00:00,2120636
17-10-2018 00:00,2054756
18-10-2018 00:00,2061972
19-10-2018 00:00,2512882
20-10-2018 00:00,2412159
21-10-2018 00:00,1997508
22-10-2018 00:00,1955604
23-10-2018 00:00,2029738
24-10-2018 00:00,2103731
25-10-2018 00:00,2151355
26-10-2018 00:00,2325914
27-10-2018 00:00,2482278
28-10-2018 00:00,1802401
29-10-2018 00:00,2020017
30-10-2018 00:00,2121018
31-10-2018 00:00,2142687
01-11-2018 00:00,2165987
02-11-2018 00:00,2659290
03-11-2018 00:00,2581360
04-11-2018 00:00,2229446
05-11-2018 00:00,2086801
06-11-2018 00:00,1973148
07-11-2018 00:00,1950308
08-11-2018 00:00,2324171
09-11-2018 00:00,2473355
10-11-2018 00:00,2626661
11-11-2018 00:00,1953138
12-11-2018 00:00,2098383
13-11-2018 00:00,2180171
14-11-2018 00:00,2421656
15-11-2018 00:00,2457738
16-11-2018 00:00,2659871
17-11-2018 00:00,2806963
18-11-2018 00:00,2319941
19-11-2018 00:00,2703143
20-11-2018 00:00,2866559
21-11-2018 00:00,3019048
22-11-2018 00:00,2224665
23-11-2018 00:00,3853078
24-11-2018 00:00,3271368
25-11-2018 00:00,2654371
26-11-2018 00:00,3114017
27-11-2018 00:00,3108412
28-11-2018 00:00,3024816
29-11-2018 00:00,3312578
30-11-2018 00:00,3874626
01-12-2018 00:00,3916236
02-12-2018 00:00,3195789
03-12-2018 00:00,3584845
04-12-2018 00:00,3729781
05-12-2018 00:00,4098574
06-12-2018 00:00,4340973
07-12-2018 00:00,4796753
08-12-2018 00:00,5418646
09-12-2018 00:00,4324990
10-12-2018 00:00,4889521
11-12-2018 00:00,5166186
12-12-2018 00:00,5098390
13-12-2018 00:00,5519922
14-12-2018 00:00,6563464
15-12-2018 00:00,7753421
16-12-2018 00:00,6602519
17-12-2018 00:00,7607816
18-12-2018 00:00,8359921
19-12-2018 00:00,9323120
20-12-2018 00:00,10437773
21-12-2018 00:00,12072154
22-12-2018 00:00,12748304
23-12-2018 00:00,12760109
24-12-2018 00:00,13649296
25-12-2018 00:00,3710950
26-12-2018 00:00,4979283
27-12-2018 00:00,5070313
28-12-2018 00:00,4838417
29-12-2018 00:00,4397841
30-12-2018 00:00,3736114
31-12-2018 00:00,3849566
01-01-2019 00:00,2696421
02-01-2019 00:00,3305187
03-01-2019 00:00,3313575
04-01-2019 00:00,3393393
05-01-2019 00:00,3486347
06-01-2019 00:00,2841354
07-01-2019 00:00,2685121
08-01-2019 00:00,2576995
09-01-2019 00:00,2779706
10-01-2019 00:00,2768156
11-01-2019 00:00,2919437
12-01-2019 00:00,2967700
13-01-2019 00:00,2386460
14-01-2019 00:00,2409541
15-01-2019 00:00,2560834
16-01-2019 00:00,2463917
17-01-2019 00:00,2559570
18-01-2019 00:00,2907130
19-01-2019 00:00,2793289
20-01-2019 00:00,2194069
21-01-2019 00:00,2317147
22-01-2019 00:00,2278594
23-01-2019 00:00,2252720
24-01-2019 00:00,2245333
25-01-2019 00:00,2825642
26-01-2019 00:00,2711801
27-01-2019 00:00,2210420
28-01-2019 00:00,2199575
29-01-2019 00:00,2413069
30-01-2019 00:00,2325280
31-01-2019 00:00,2539320
01-02-2019 00:00,3043978
02-02-2019 00:00,3111754
03-02-2019 00:00,2472929
04-02-2019 00:00,2202130
05-02-2019 00:00,2299196
06-02-2019 00:00,2376409
07-02-2019 00:00,2369253
08-02-2019 00:00,2865188
09-02-2019 00:00,2953968
10-02-2019 00:00,2360693
11-02-2019 00:00,2418140
12-02-2019 00:00,2430951
13-02-2019 00:00,3102154
14-02-2019 00:00,3214791
15-02-2019 00:00,2768317
16-02-2019 00:00,2784936
17-02-2019 00:00,2188415
18-02-2019 00:00,2112450
19-02-2019 00:00,2144405
20-02-2019 00:00,2116794
21-02-2019 00:00,2197621
22-02-2019 00:00,2466717
23-02-2019 00:00,2617258
24-02-2019 00:00,1928743
25-02-2019 00:00,2076355
26-02-2019 00:00,2085651
27-02-2019 00:00,2126936
28-02-2019 00:00,2470889
01-03-2019 00:00,2856516
02-03-2019 00:00,2829287
03-03-2019 00:00,2180124
04-03-2019 00:00,2164959
05-03-2019 00:00,2117200
06-03-2019 00:00,2048795
07-03-2019 00:00,2277250
08-03-2019 00:00,2526106
09-03-2019 00:00,2483209
10-03-2019 00:00,1947709
11-03-2019 00:00,2101293
12-03-2019 00:00,2138016
13-03-2019 00:00,2084252
14-03-2019 00:00,2369890
15-03-2019 00:00,2605507
16-03-2019 00:00,2674992
17-03-2019 00:00,2084108
18-03-2019 00:00,2102903
19-03-2019 00:00,2060113
20-03-2019 00:00,2138655
21-03-2019 00:00,2141433
22-03-2019 00:00,2468536
23-03-2019 00:00,2499369
24-03-2019 00:00,2024515
25-03-2019 00:00,2155407
26-03-2019 00:00,2117926
27-03-2019 00:00,2157121
28-03-2019 00:00,2257010
29-03-2019 00:00,2627222
30-03-2019 00:00,2635827
31-03-2019 00:00,2146097
01-04-2019 00:00,2227783
02-04-2019 00:00,2158386
03-04-2019 00:00,2138636
04-04-2019 00:00,2221080
05-04-2019 00:00,2603772
06-04-2019 00:00,2508555
07-04-2019 00:00,2033685
08-04-2019 00:00,2196559
09-04-2019 00:00,2151842
10-04-2019 00:00,2198283
11-04-2019 00:00,2207053
12-04-2019 00:00,2622152
13-04-2019 00:00,2687554
14-04-2019 00:00,2182480
15-04-2019 00:00,2472397
16-04-2019 00:00,2428608
17-04-2019 00:00,2616037
18-04-2019 00:00,2876610
19-04-2019 00:00,3370843
20-04-2019 00:00,4226356
21-04-2019 00:00,1975356
22-04-2019 00:00,2286434
23-04-2019 00:00,2396298
24-04-2019 00:00,2310618
25-04-2019 00:00,2289200
26-04-2019 00:00,2547255
27-04-2019 00:00,2517118
28-04-2019 00:00,2065311
29-04-2019 00:00,2185202
30-04-2019 00:00,2454599
01-05-2019 00:00,2302923
02-05-2019 00:00,2551008
03-05-2019 00:00,2864969
04-05-2019 00:00,2806104
05-05-2019 00:00,2387306
06-05-2019 00:00,2548577
07-05-2019 00:00,2591226
08-05-2019 00:00,2694666
09-05-2019 00:00,3100783
10-05-2019 00:00,3379862
11-05-2019 00:00,3970973
12-05-2019 00:00,2972769
13-05-2019 00:00,2268970
14-05-2019 00:00,2236793
15-05-2019 00:00,2274634
16-05-2019 00:00,2418213
17-05-2019 00:00,2705694
18-05-2019 00:00,2709913
19-05-2019 00:00,2165850
20-05-2019 00:00,2269911
21-05-2019 00:00,2328758
22-05-2019 00:00,2429337
23-05-2019 00:00,2489602
24-05-2019 00:00,2814836
25-05-2019 00:00,2588421
26-05-2019 00:00,2146586
27-05-2019 00:00,2161313
28-05-2019 00:00,2219457
29-05-2019 00:00,2450056
30-05-2019 00:00,2591701
31-05-2019 00:00,2974574
01-06-2019 00:00,2951831
02-06-2019 00:00,2393530
03-06-2019 00:00,2609592
04-06-2019 00:00,2575087
05-06-2019 00:00,2538631
06-06-2019 00:00,2693643
07-06-2019 00:00,2915205
08-06-2019 00:00,2891697
09-06-2019 00:00,2374784
10-06-2019 00:00,2592799
11-06-2019 00:00,2756505
12-06-2019 00:00,3074717
13-06-2019 00:00,2960619
14-06-2019 00:00,3478215
15-06-2019 00:00,4032156
16-06-2019 00:00,3311886
17-06-2019 00:00,2512243
18-06-2019 00:00,2560607
19-06-2019 00:00,2452233
20-06-2019 00:00,2591246
21-06-2019 00:00,2976475
22-06-2019 00:00,2747653
23-06-2019 00:00,2159333
24-06-2019 00:00,2668720
25-06-2019 00:00,2527256
26-06-2019 00:00,2666876
27-06-2019 00:00,2655708
28-06-2019 00:00,2889752
29-06-2019 00:00,2655321
30-06-2019 00:00,2279690
01-07-2019 00:00,2438360
02-07-2019 00:00,2495127
03-07-2019 00:00,2531195
04-07-2019 00:00,2174217
05-07-2019 00:00,2530250
06-07-2019 00:00,2510980
07-07-2019 00:00,2032842
08-07-2019 00:00,2291760
